t,count,max,mean,min,stddev,p50,p75,p95,p98,p99,p999
1758264660,14,1010,317.07142857142856,2,323.1107131727962,205.0,498.5,1010.0,1010.0,1010.0,1010.0
1758264690,14,1010,317.07142857142856,2,323.1107131727962,205.0,498.5,1010.0,1010.0,1010.0,1010.0
1758264720,14,1010,317.07142857142856,2,323.1107131727962,205.0,498.5,1010.0,1010.0,1010.0,1010.0
1758264750,14,1010,317.07142857142856,2,323.1107131727962,205.0,498.5,1010.0,1010.0,1010.0,1010.0
1758264780,14,1010,317.07142857142856,2,323.1107131727962,205.0,498.5,1010.0,1010.0,1010.0,1010.0
1758264810,26,1010,179.3846153846154,0,278.31450942027107,32.0,232.0,931.9499999999997,1010.0,1010.0,1010.0
1758264840,39,1010,121.43589743589743,0,240.63313361474633,13.0,87.0,787.0,1010.0,1010.0,1010.0
1758264870,39,1010,121.43589743589743,0,240.63313361474633,13.0,87.0,787.0,1010.0,1010.0,1010.0
1758264900,52,1010,91.88461538461539,0,214.05310444695397,3.0,46.25,764.2499999999998,996.6199999999994,1010.0,1010.0
1758264930,55,1010,86.98181818181818,0,209.03982350606742,3.0,41.0,758.9999999999999,983.239999999999,1010.0,1010.0
1758265140,9,836,392.77777777777777,6,269.5935727061097,399.0,618.0,836.0,836.0,836.0,836.0
1758265170,9,836,392.77777777777777,6,269.5935727061097,399.0,618.0,836.0,836.0,836.0,836.0
1758265200,9,836,392.77777777777777,6,269.5935727061097,399.0,618.0,836.0,836.0,836.0,836.0
1758265230,9,836,392.77777777777777,6,269.5935727061097,399.0,618.0,836.0,836.0,836.0,836.0
1758265260,10,836,354.1,6,282.0722720627936,348.0,608.0,836.0,836.0,836.0,836.0
1758265290,10,836,354.1,6,282.0722720627936,348.0,608.0,836.0,836.0,836.0,836.0
1758265320,10,836,354.1,6,282.0722720627936,348.0,608.0,836.0,836.0,836.0,836.0
1758265350,10,836,354.1,6,282.0722720627936,348.0,608.0,836.0,836.0,836.0,836.0
1758265380,10,836,354.1,6,282.0722720627936,348.0,608.0,836.0,836.0,836.0,836.0
1758265410,10,836,354.1,6,282.0722720627936,348.0,608.0,836.0,836.0,836.0,836.0
1758265440,10,836,354.1,6,282.0722720627936,348.0,608.0,836.0,836.0,836.0,836.0
1758266130,9,848,387.44444444444446,4,270.8477944857181,427.0,592.5,848.0,848.0,848.0,848.0
1758266160,9,848,387.44444444444446,4,270.8477944857181,427.0,592.5,848.0,848.0,848.0,848.0
1758266190,27,848,130.88888888888889,1,238.2205399226222,3.0,235.0,751.1999999999995,848.0,848.0,848.0
1758266220,36,848,98.66666666666667,1,212.97994540063425,3.0,5.75,642.2999999999996,848.0,848.0,848.0
1758266400,11,758,263.72727272727275,2,271.2541579069677,140.0,532.0,758.0,758.0,758.0,758.0
1758266430,11,758,263.72727272727275,2,271.2541579069677,140.0,532.0,758.0,758.0,758.0,758.0
1758266460,11,758,263.72727272727275,2,271.2541579069677,140.0,532.0,758.0,758.0,758.0,758.0
1758266490,11,758,263.72727272727275,2,271.2541579069677,140.0,532.0,758.0,758.0,758.0,758.0
1758266520,11,758,263.72727272727275,2,271.2541579069677,140.0,532.0,758.0,758.0,758.0,758.0
1758266550,11,758,263.72727272727275,2,271.2541579069677,140.0,532.0,758.0,758.0,758.0,758.0
1758266580,11,758,263.72727272727275,2,271.2541579069677,140.0,532.0,758.0,758.0,758.0,758.0
1758266610,11,758,263.72727272727275,2,271.2541579069677,140.0,532.0,758.0,758.0,758.0,758.0
1758266640,11,758,263.72727272727275,2,271.2541579069677,140.0,532.0,758.0,758.0,758.0,758.0
1758266670,12,758,242.08333333333334,2,269.2793272061672,110.0,521.75,758.0,758.0,758.0,758.0
1758266700,12,758,242.08333333333334,2,269.2793272061672,110.0,521.75,758.0,758.0,758.0,758.0
1758266730,12,758,242.08333333333334,2,269.2793272061672,110.0,521.75,758.0,758.0,758.0,758.0
1758266760,12,758,242.08333333333334,2,269.2793272061672,110.0,521.75,758.0,758.0,758.0,758.0
1758266790,12,758,242.08333333333334,2,269.2793272061672,110.0,521.75,758.0,758.0,758.0,758.0
1758266820,12,758,242.08333333333334,2,269.2793272061672,110.0,521.75,758.0,758.0,758.0,758.0
1758266850,34,758,97.70588235294117,0,190.14707695213272,21.0,61.0,591.5,758.0,758.0,758.0
1758266880,38,758,92.02631578947368,0,180.91142925395397,21.0,61.0,547.0999999999993,758.0,758.0,758.0
1758266910,38,758,92.02631578947368,0,180.91142925395397,21.0,61.0,547.0999999999993,758.0,758.0,758.0
1758266940,38,758,92.02631578947368,0,180.91142925395397,21.0,61.0,547.0999999999993,758.0,758.0,758.0
1758266970,38,758,92.02631578947368,0,180.91142925395397,21.0,61.0,547.0999999999993,758.0,758.0,758.0
1758267000,38,758,92.02631578947368,0,180.91142925395397,21.0,61.0,547.0999999999993,758.0,758.0,758.0
1758267030,38,758,92.02631578947368,0,180.91142925395397,21.0,61.0,547.0999999999993,758.0,758.0,758.0
1758267060,38,758,92.02631578947368,0,180.91142925395397,21.0,61.0,547.0999999999993,758.0,758.0,758.0
1758267090,38,758,92.02631578947368,0,180.91142925395397,21.0,61.0,547.0999999999993,758.0,758.0,758.0
1758267120,38,758,92.02631578947368,0,180.91142925395397,21.0,61.0,547.0999999999993,758.0,758.0,758.0
1758267150,38,758,92.02631578947368,0,180.91142925395397,21.0,61.0,547.0999999999993,758.0,758.0,758.0
1758267180,38,758,92.02631578947368,0,180.91142925395397,21.0,61.0,547.0999999999993,758.0,758.0,758.0
1758267210,38,758,92.02631578947368,0,180.91142925395397,21.0,61.0,547.0999999999993,758.0,758.0,758.0
1758267240,38,758,92.02631578947368,0,180.91142925395397,21.0,61.0,547.0999999999993,758.0,758.0,758.0
1758267270,38,758,92.02631578947368,0,180.91142925395397,21.0,61.0,547.0999999999993,758.0,758.0,758.0
1758267300,38,758,92.02631578947368,0,180.91142925395397,21.0,61.0,547.0999999999993,758.0,758.0,758.0
1758267330,38,758,92.02631578947368,0,180.91142925395397,21.0,61.0,547.0999999999993,758.0,758.0,758.0
1758267360,38,758,92.02631578947368,0,180.91142925395397,21.0,61.0,547.0999999999993,758.0,758.0,758.0
1758267390,38,758,92.02631578947368,0,180.91142925395397,21.0,61.0,547.0999999999993,758.0,758.0,758.0
1758267420,38,758,92.02631578947368,0,180.91142925395397,21.0,61.0,547.0999999999993,758.0,758.0,758.0
1758267450,38,758,92.02631578947368,0,180.91142925395397,21.0,61.0,547.0999999999993,758.0,758.0,758.0
1758267480,38,758,92.02631578947368,0,180.91142925395397,21.0,61.0,547.0999999999993,758.0,758.0,758.0
1758267510,38,758,92.02631578947368,0,180.91142925395397,21.0,61.0,547.0999999999993,758.0,758.0,758.0
1758267540,38,758,92.02631578947368,0,180.91142925395397,21.0,61.0,547.0999999999993,758.0,758.0,758.0
1758267570,38,758,92.02631578947368,0,180.91142925395397,21.0,61.0,547.0999999999993,758.0,758.0,758.0
1758267600,38,758,92.02631578947368,0,180.91142925395397,21.0,61.0,547.0999999999993,758.0,758.0,758.0
1758267630,38,758,92.02631578947368,0,180.91142925395397,21.0,61.0,547.0999999999993,758.0,758.0,758.0
1758267660,38,758,92.02631578947368,0,180.91142925395397,21.0,61.0,547.0999999999993,758.0,758.0,758.0
1758267690,38,758,92.02631578947368,0,180.91142925395397,21.0,61.0,547.0999999999993,758.0,758.0,758.0
1758267720,38,758,92.02631578947368,0,180.91142925395397,21.0,61.0,547.0999999999993,758.0,758.0,758.0
1758267750,38,758,92.02631578947368,0,180.91142925395397,21.0,61.0,547.0999999999993,758.0,758.0,758.0
1758267780,38,758,92.02631578947368,0,180.91142925395397,21.0,61.0,547.0999999999993,758.0,758.0,758.0
1758267810,38,758,92.02631578947368,0,180.91142925395397,21.0,61.0,547.0999999999993,758.0,758.0,758.0
1758267840,38,758,92.02631578947368,0,180.91142925395397,21.0,61.0,547.0999999999993,758.0,758.0,758.0
1758267870,38,758,92.02631578947368,0,180.91142925395397,21.0,61.0,547.0999999999993,758.0,758.0,758.0
1758267900,38,758,92.02631578947368,0,180.91142925395397,21.0,61.0,547.0999999999993,758.0,758.0,758.0
1758267930,38,758,92.02631578947368,0,180.91142925395397,21.0,61.0,547.0999999999993,758.0,758.0,758.0
1758267960,38,758,92.02631578947368,0,180.91142925395397,21.0,61.0,547.0999999999993,758.0,758.0,758.0
1758267990,38,758,92.02631578947368,0,180.91142925395397,21.0,61.0,547.0999999999993,758.0,758.0,758.0
1758268020,38,758,92.02631578947368,0,180.91142925395397,21.0,61.0,547.0999999999993,758.0,758.0,758.0
1758268050,38,758,92.02631578947368,0,180.91142925395397,21.0,61.0,547.0999999999993,758.0,758.0,758.0
1758268080,38,758,92.02631578947368,0,180.91142925395397,21.0,61.0,547.0999999999993,758.0,758.0,758.0
1758268110,38,758,92.02631578947368,0,180.91142925395397,21.0,61.0,547.0999999999993,758.0,758.0,758.0
1758268140,38,758,92.02631578947368,0,180.91142925395397,21.0,61.0,547.0999999999993,758.0,758.0,758.0
1758268170,38,758,92.02631578947368,0,180.91142925395397,21.0,61.0,547.0999999999993,758.0,758.0,758.0
1758268200,38,758,92.02631578947368,0,180.91142925395397,21.0,61.0,547.0999999999993,758.0,758.0,758.0
1758268231,38,758,92.02631578947368,0,180.91142925395397,21.0,61.0,547.0999999999993,758.0,758.0,758.0
1758268261,38,758,92.02631578947368,0,180.91142925395397,21.0,61.0,547.0999999999993,758.0,758.0,758.0
1758268291,38,758,92.02631578947368,0,180.91142925395397,21.0,61.0,547.0999999999993,758.0,758.0,758.0
1758268321,38,758,92.02631578947368,0,180.91142925395397,21.0,61.0,547.0999999999993,758.0,758.0,758.0
1758268351,38,758,92.02631578947368,0,180.91142925395397,21.0,61.0,547.0999999999993,758.0,758.0,758.0
1758268381,38,758,92.02631578947368,0,180.91142925395397,21.0,61.0,547.0999999999993,758.0,758.0,758.0
1758268411,38,758,92.02631578947368,0,180.91142925395397,21.0,61.0,547.0999999999993,758.0,758.0,758.0
1758268441,38,758,92.02631578947368,0,180.91142925395397,21.0,61.0,547.0999999999993,758.0,758.0,758.0
1758268471,38,758,92.02631578947368,0,180.91142925395397,21.0,61.0,547.0999999999993,758.0,758.0,758.0
1758268501,38,758,92.02631578947368,0,180.91142925395397,21.0,61.0,547.0999999999993,758.0,758.0,758.0
1758268531,38,758,92.02631578947368,0,180.91142925395397,21.0,61.0,547.0999999999993,758.0,758.0,758.0
1758268561,38,758,92.02631578947368,0,180.91142925395397,21.0,61.0,547.0999999999993,758.0,758.0,758.0
1758268591,38,758,92.02631578947368,0,180.91142925395397,21.0,61.0,547.0999999999993,758.0,758.0,758.0
1758268621,38,758,92.02631578947368,0,180.91142925395397,21.0,61.0,547.0999999999993,758.0,758.0,758.0
1758268651,38,758,92.02631578947368,0,180.91142925395397,21.0,61.0,547.0999999999993,758.0,758.0,758.0
1758268681,38,758,92.02631578947368,0,180.91142925395397,21.0,61.0,547.0999999999993,758.0,758.0,758.0
1758268711,38,758,92.02631578947368,0,180.91142925395397,21.0,61.0,547.0999999999993,758.0,758.0,758.0
1758268741,38,758,92.02631578947368,0,180.91142925395397,21.0,61.0,547.0999999999993,758.0,758.0,758.0
1758268771,38,758,92.02631578947368,0,180.91142925395397,21.0,61.0,547.0999999999993,758.0,758.0,758.0
1758268801,38,758,92.02631578947368,0,180.91142925395397,21.0,61.0,547.0999999999993,758.0,758.0,758.0
1758268831,38,758,92.02631578947368,0,180.91142925395397,21.0,61.0,547.0999999999993,758.0,758.0,758.0
1758268861,38,758,92.02631578947368,0,180.91142925395397,21.0,61.0,547.0999999999993,758.0,758.0,758.0
1758268891,38,758,92.02631578947368,0,180.91142925395397,21.0,61.0,547.0999999999993,758.0,758.0,758.0
1758268921,38,758,92.02631578947368,0,180.91142925395397,21.0,61.0,547.0999999999993,758.0,758.0,758.0
1758268951,38,758,92.02631578947368,0,180.91142925395397,21.0,61.0,547.0999999999993,758.0,758.0,758.0
1758268981,38,758,92.02631578947368,0,180.91142925395397,21.0,61.0,547.0999999999993,758.0,758.0,758.0
1758269011,38,758,92.02631578947368,0,180.91142925395397,21.0,61.0,547.0999999999993,758.0,758.0,758.0
1758269041,38,758,92.02631578947368,0,180.91142925395397,21.0,61.0,547.0999999999993,758.0,758.0,758.0
1758269071,38,758,92.02631578947368,0,180.91142925395397,21.0,61.0,547.0999999999993,758.0,758.0,758.0
1758269101,38,758,92.02631578947368,0,180.91142925395397,21.0,61.0,547.0999999999993,758.0,758.0,758.0
1758269131,38,758,92.02631578947368,0,180.91142925395397,21.0,61.0,547.0999999999993,758.0,758.0,758.0
1758269161,38,758,92.02631578947368,0,180.91142925395397,21.0,61.0,547.0999999999993,758.0,758.0,758.0
1758269191,38,758,92.02631578947368,0,180.91142925395397,21.0,61.0,547.0999999999993,758.0,758.0,758.0
1758269221,38,758,92.02631578947368,0,180.91142925395397,21.0,61.0,547.0999999999993,758.0,758.0,758.0
1758269251,38,758,92.02631578947368,0,180.91142925395397,21.0,61.0,547.0999999999993,758.0,758.0,758.0
1758269281,38,758,92.02631578947368,0,180.91142925395397,21.0,61.0,547.0999999999993,758.0,758.0,758.0
1758269311,38,758,92.02631578947368,0,180.91142925395397,21.0,61.0,547.0999999999993,758.0,758.0,758.0
1758269341,38,758,92.02631578947368,0,180.91142925395397,21.0,61.0,547.0999999999993,758.0,758.0,758.0
1758269371,38,758,92.02631578947368,0,180.91142925395397,21.0,61.0,547.0999999999993,758.0,758.0,758.0
1758269401,38,758,92.02631578947368,0,180.91142925395397,21.0,61.0,547.0999999999993,758.0,758.0,758.0
1758269431,38,758,92.02631578947368,0,180.91142925395397,21.0,61.0,547.0999999999993,758.0,758.0,758.0
1758269461,38,758,92.02631578947368,0,180.91142925395397,21.0,61.0,547.0999999999993,758.0,758.0,758.0
1758269491,38,758,92.02631578947368,0,180.91142925395397,21.0,61.0,547.0999999999993,758.0,758.0,758.0
1758269521,38,758,92.02631578947368,0,180.91142925395397,21.0,61.0,547.0999999999993,758.0,758.0,758.0
1758269551,38,758,92.02631578947368,0,180.91142925395397,21.0,61.0,547.0999999999993,758.0,758.0,758.0
1758269581,38,758,92.02631578947368,0,180.91142925395397,21.0,61.0,547.0999999999993,758.0,758.0,758.0
1758269611,38,758,92.02631578947368,0,180.91142925395397,21.0,61.0,547.0999999999993,758.0,758.0,758.0
1758269641,38,758,92.02631578947368,0,180.91142925395397,21.0,61.0,547.0999999999993,758.0,758.0,758.0
1758269671,38,758,92.02631578947368,0,180.91142925395397,21.0,61.0,547.0999999999993,758.0,758.0,758.0
1758269701,38,758,92.02631578947368,0,180.91142925395397,21.0,61.0,547.0999999999993,758.0,758.0,758.0
1758269731,38,758,92.02631578947368,0,180.91142925395397,21.0,61.0,547.0999999999993,758.0,758.0,758.0
1758269761,38,758,92.02631578947368,0,180.91142925395397,21.0,61.0,547.0999999999993,758.0,758.0,758.0
1758269791,38,758,92.02631578947368,0,180.91142925395397,21.0,61.0,547.0999999999993,758.0,758.0,758.0
1758269821,38,758,92.02631578947368,0,180.91142925395397,21.0,61.0,547.0999999999993,758.0,758.0,758.0
1758269851,38,758,92.02631578947368,0,180.91142925395397,21.0,61.0,547.0999999999993,758.0,758.0,758.0
1758269881,38,758,92.02631578947368,0,180.91142925395397,21.0,61.0,547.0999999999993,758.0,758.0,758.0
1758269911,38,758,92.02631578947368,0,180.91142925395397,21.0,61.0,547.0999999999993,758.0,758.0,758.0
1758269941,38,758,92.02631578947368,0,180.91142925395397,21.0,61.0,547.0999999999993,758.0,758.0,758.0
1758269971,38,758,92.02631578947368,0,180.91142925395397,21.0,61.0,547.0999999999993,758.0,758.0,758.0
1758270001,38,758,92.02631578947368,0,180.91142925395397,21.0,61.0,547.0999999999993,758.0,758.0,758.0
1758270031,38,758,92.02631578947368,0,180.91142925395397,21.0,61.0,547.0999999999993,758.0,758.0,758.0
1758270061,38,758,92.02631578947368,0,180.91142925395397,21.0,61.0,547.0999999999993,758.0,758.0,758.0
1758270091,38,758,92.02631578947368,0,180.91142925395397,21.0,61.0,547.0999999999993,758.0,758.0,758.0
1758270121,38,758,92.02631578947368,0,180.91142925395397,21.0,61.0,547.0999999999993,758.0,758.0,758.0
1758270151,38,758,92.02631578947368,0,180.91142925395397,21.0,61.0,547.0999999999993,758.0,758.0,758.0
1758270181,38,758,92.02631578947368,0,180.91142925395397,21.0,61.0,547.0999999999993,758.0,758.0,758.0
1758270211,38,758,92.02631578947368,0,180.91142925395397,21.0,61.0,547.0999999999993,758.0,758.0,758.0
1758270241,38,758,92.02631578947368,0,180.91142925395397,21.0,61.0,547.0999999999993,758.0,758.0,758.0
1758270271,38,758,92.02631578947368,0,180.91142925395397,21.0,61.0,547.0999999999993,758.0,758.0,758.0
1758270301,38,758,92.02631578947368,0,180.91142925395397,21.0,61.0,547.0999999999993,758.0,758.0,758.0
1758270331,38,758,92.02631578947368,0,180.91142925395397,21.0,61.0,547.0999999999993,758.0,758.0,758.0
1758270362,50,758,70.6,0,161.85733198828942,5.5,46.0,533.8,753.5599999999993,758.0,758.0
1758270392,54,758,67.4074074074074,0,156.50505067725854,4.5,46.0,533.0,735.7999999999997,758.0,758.0
1758270422,59,758,62.30508474576271,0,150.57788158283887,4.0,42.0,532.0,713.5999999999993,758.0,758.0
1758270452,67,758,56.507462686567166,0,142.19911063250927,4.0,32.0,515.5999999999998,678.0800000000002,758.0,758.0
1758270482,73,758,52.45205479452055,0,136.8457202164266,3.0,28.5,503.2999999999999,651.4399999999991,758.0,758.0
1758270512,78,758,49.53846153846154,0,132.81299149289092,3.0,23.75,493.0499999999999,629.2400000000004,758.0,758.0
1758270542,85,758,46.8,0,127.5403577584086,4.0,23.0,431.90000000000055,598.1600000000003,758.0,758.0
1758270572,92,758,43.5,0,123.08698791264084,3.0,22.75,362.9499999999989,567.0800000000002,758.0,758.0
1758270602,95,758,42.38947368421053,0,121.27358684701844,3.0,22.0,333.39999999999776,553.7599999999996,758.0,758.0
1758270632,95,758,42.38947368421053,0,121.27358684701844,3.0,22.0,333.39999999999776,553.7599999999996,758.0,758.0
1758270662,95,758,42.38947368421053,0,121.27358684701844,3.0,22.0,333.39999999999776,553.7599999999996,758.0,758.0
1758270692,95,758,42.38947368421053,0,121.27358684701844,3.0,22.0,333.39999999999776,553.7599999999996,758.0,758.0
1758270722,95,758,42.38947368421053,0,121.27358684701844,3.0,22.0,333.39999999999776,553.7599999999996,758.0,758.0
1758270752,95,758,42.38947368421053,0,121.27358684701844,3.0,22.0,333.39999999999776,553.7599999999996,758.0,758.0
1758270782,95,758,42.38947368421053,0,121.27358684701844,3.0,22.0,333.39999999999776,553.7599999999996,758.0,758.0
1758270812,95,758,42.38947368421053,0,121.27358684701844,3.0,22.0,333.39999999999776,553.7599999999996,758.0,758.0
1758270842,100,758,40.41,0,118.48932057746426,3.0,20.0,286.29999999999825,535.9200000000001,755.7799999999988,758.0
1758270872,104,758,38.92307692307692,0,116.40577608093052,3.0,20.0,255.5,535.5999999999999,746.9000000000007,758.0
1758270902,108,758,37.52777777777778,0,114.43272997037832,3.0,19.75,224.69999999999956,535.28,738.0199999999993,758.0
1758270932,111,758,36.54054054054054,0,113.01824340133474,3.0,19.0,201.5999999999987,535.04,731.359999999999,758.0
1758496830,0,0,0.0,0,0.0,0.0,0.0,0.0,0.0,0.0,0.0
1758496860,12,936,332.1666666666667,3,320.21664068204973,301.0,633.5,936.0,936.0,936.0,936.0
1758496890,13,936,307.0,3,319.73035514320503,245.0,571.0,936.0,936.0,936.0,936.0
1758496920,14,936,285.2857142857143,3,317.7498843603079,167.0,508.5,936.0,936.0,936.0,936.0
1758496950,17,936,240.0,3,303.99527134480235,76.0,428.0,936.0,936.0,936.0,936.0
1758496980,18,936,226.83333333333334,3,300.1625539995444,65.5,419.0,936.0,936.0,936.0,936.0
1758497010,19,936,215.10526315789474,3,296.1512178932397,55.0,410.0,936.0,936.0,936.0,936.0
1758497040,20,936,204.5,3,292.12821626272614,36.5,396.75,925.4499999999998,936.0,936.0,936.0
1758497070,21,936,194.9047619047619,3,288.10656097387033,18.0,383.5,914.8999999999996,936.0,936.0,936.0
1758497100,22,936,186.1818181818182,3,284.12449256043953,12.5,370.25,904.3499999999996,936.0,936.0,936.0
1758497130,23,936,178.2608695652174,3,280.17919872683177,7.0,357.0,893.7999999999994,936.0,936.0,936.0
1758497160,23,936,178.2608695652174,3,280.17919872683177,7.0,357.0,893.7999999999994,936.0,936.0,936.0
1758497190,23,936,178.2608695652174,3,280.17919872683177,7.0,357.0,893.7999999999994,936.0,936.0,936.0
1758497220,23,936,178.2608695652174,3,280.17919872683177,7.0,357.0,893.7999999999994,936.0,936.0,936.0
1758497250,23,936,178.2608695652174,3,280.17919872683177,7.0,357.0,893.7999999999994,936.0,936.0,936.0
1758497280,23,936,178.2608695652174,3,280.17919872683177,7.0,357.0,893.7999999999994,936.0,936.0,936.0
1758497310,23,936,178.2608695652174,3,280.17919872683177,7.0,357.0,893.7999999999994,936.0,936.0,936.0
1758497340,23,936,178.2608695652174,3,280.17919872683177,7.0,357.0,893.7999999999994,936.0,936.0,936.0
1758497370,23,936,178.2608695652174,3,280.17919872683177,7.0,357.0,893.7999999999994,936.0,936.0,936.0
1758497400,23,936,178.2608695652174,3,280.17919872683177,7.0,357.0,893.7999999999994,936.0,936.0,936.0
1758497430,26,936,164.03846153846155,2,267.0313061450632,7.0,273.0,862.1499999999996,936.0,936.0,936.0
1758497460,26,936,164.03846153846155,2,267.0313061450632,7.0,273.0,862.1499999999996,936.0,936.0,936.0
1758497490,26,936,164.03846153846155,2,267.0313061450632,7.0,273.0,862.1499999999996,936.0,936.0,936.0
1758497520,26,936,164.03846153846155,2,267.0313061450632,7.0,273.0,862.1499999999996,936.0,936.0,936.0
1758497550,26,936,164.03846153846155,2,267.0313061450632,7.0,273.0,862.1499999999996,936.0,936.0,936.0
1758497580,26,936,164.03846153846155,2,267.0313061450632,7.0,273.0,862.1499999999996,936.0,936.0,936.0
1758497610,26,936,164.03846153846155,2,267.0313061450632,7.0,273.0,862.1499999999996,936.0,936.0,936.0
1758497640,26,936,164.03846153846155,2,267.0313061450632,7.0,273.0,862.1499999999996,936.0,936.0,936.0
1758497670,26,936,164.03846153846155,2,267.0313061450632,7.0,273.0,862.1499999999996,936.0,936.0,936.0
1758497700,26,936,164.03846153846155,2,267.0313061450632,7.0,273.0,862.1499999999996,936.0,936.0,936.0
1758497730,26,936,164.03846153846155,2,267.0313061450632,7.0,273.0,862.1499999999996,936.0,936.0,936.0
1758497760,26,936,164.03846153846155,2,267.0313061450632,7.0,273.0,862.1499999999996,936.0,936.0,936.0
1758497790,26,936,164.03846153846155,2,267.0313061450632,7.0,273.0,862.1499999999996,936.0,936.0,936.0
1758497820,26,936,164.03846153846155,2,267.0313061450632,7.0,273.0,862.1499999999996,936.0,936.0,936.0
1758497850,26,936,164.03846153846155,2,267.0313061450632,7.0,273.0,862.1499999999996,936.0,936.0,936.0
1758497880,37,936,117.16216216216216,0,234.3166795307289,4.0,82.5,746.1000000000003,936.0,936.0,936.0
1758497910,37,936,117.16216216216216,0,234.3166795307289,4.0,82.5,746.1000000000003,936.0,936.0,936.0
1758497940,38,936,114.15789473684211,0,231.8693162125025,4.0,79.25,735.5499999999994,936.0,936.0,936.0
1758497970,39,936,111.28205128205128,0,229.5018574306155,4.0,76.0,725.0,936.0,936.0,936.0
1758498000,39,936,111.28205128205128,0,229.5018574306155,4.0,76.0,725.0,936.0,936.0,936.0
1758498030,39,936,111.28205128205128,0,229.5018574306155,4.0,76.0,725.0,936.0,936.0,936.0
1758498060,39,936,111.28205128205128,0,229.5018574306155,4.0,76.0,725.0,936.0,936.0,936.0
1758498090,39,936,111.28205128205128,0,229.5018574306155,4.0,76.0,725.0,936.0,936.0,936.0
1758498120,39,936,111.28205128205128,0,229.5018574306155,4.0,76.0,725.0,936.0,936.0,936.0
1758498150,39,936,111.28205128205128,0,229.5018574306155,4.0,76.0,725.0,936.0,936.0,936.0
1758498180,39,936,111.28205128205128,0,229.5018574306155,4.0,76.0,725.0,936.0,936.0,936.0
1758498210,39,936,111.28205128205128,0,229.5018574306155,4.0,76.0,725.0,936.0,936.0,936.0
1758498240,39,936,111.28205128205128,0,229.5018574306155,4.0,76.0,725.0,936.0,936.0,936.0
1758498270,39,936,111.28205128205128,0,229.5018574306155,4.0,76.0,725.0,936.0,936.0,936.0
1758498300,39,936,111.28205128205128,0,229.5018574306155,4.0,76.0,725.0,936.0,936.0,936.0
1758498330,39,936,111.28205128205128,0,229.5018574306155,4.0,76.0,725.0,936.0,936.0,936.0
1758498360,39,936,111.28205128205128,0,229.5018574306155,4.0,76.0,725.0,936.0,936.0,936.0
1758498390,39,936,111.28205128205128,0,229.5018574306155,4.0,76.0,725.0,936.0,936.0,936.0
1758498420,50,936,87.38,0,207.16166318572928,3.0,25.0,709.0499999999998,931.7799999999993,936.0,936.0
1758498450,51,936,85.70588235294117,0,205.4277774905475,3.0,18.0,707.5999999999999,927.5600000000002,936.0,936.0
1758498480,52,936,84.07692307692308,0,203.74271031384944,3.0,16.5,706.1499999999999,923.3399999999995,936.0,936.0
1758498510,53,936,82.52830188679245,0,202.08886124040973,3.0,15.0,704.6999999999999,919.1200000000003,936.0,936.0
1758498540,53,936,82.52830188679245,0,202.08886124040973,3.0,15.0,704.6999999999999,919.1200000000003,936.0,936.0
1758498570,53,936,82.52830188679245,0,202.08886124040973,3.0,15.0,704.6999999999999,919.1200000000003,936.0,936.0
1758498780,0,0,0.0,0,0.0,0.0,0.0,0.0,0.0,0.0,0.0
1758498810,11,781,230.54545454545453,2,274.3171025059734,97.0,349.0,781.0,781.0,781.0,781.0
1758498840,14,781,181.92857142857142,2,259.26507501180936,16.5,338.5,781.0,781.0,781.0,781.0
1758498870,17,781,150.2941176470588,2,244.08394168448547,4.0,323.5,781.0,781.0,781.0,781.0
1758498900,17,781,150.2941176470588,2,244.08394168448547,4.0,323.5,781.0,781.0,781.0,781.0
1758498930,17,781,150.2941176470588,2,244.08394168448547,4.0,323.5,781.0,781.0,781.0,781.0
1758498960,17,781,150.2941176470588,2,244.08394168448547,4.0,323.5,781.0,781.0,781.0,781.0
1758498990,17,781,150.2941176470588,2,244.08394168448547,4.0,323.5,781.0,781.0,781.0,781.0
1758499020,20,781,128.2,2,230.39522107616912,4.0,258.25,772.9999999999999,781.0,781.0,781.0
1758499050,20,781,128.2,2,230.39522107616912,4.0,258.25,772.9999999999999,781.0,781.0,781.0
1758499080,20,781,128.2,2,230.39522107616912,4.0,258.25,772.9999999999999,781.0,781.0,781.0
1758499110,20,781,128.2,2,230.39522107616912,4.0,258.25,772.9999999999999,781.0,781.0,781.0
1758499140,20,781,128.2,2,230.39522107616912,4.0,258.25,772.9999999999999,781.0,781.0,781.0
1758499170,20,781,128.2,2,230.39522107616912,4.0,258.25,772.9999999999999,781.0,781.0,781.0
1758499200,20,781,128.2,2,230.39522107616912,4.0,258.25,772.9999999999999,781.0,781.0,781.0
1758499230,20,781,128.2,2,230.39522107616912,4.0,258.25,772.9999999999999,781.0,781.0,781.0
1758499260,20,781,128.2,2,230.39522107616912,4.0,258.25,772.9999999999999,781.0,781.0,781.0
1758499290,20,781,128.2,2,230.39522107616912,4.0,258.25,772.9999999999999,781.0,781.0,781.0
1758499320,20,781,128.2,2,230.39522107616912,4.0,258.25,772.9999999999999,781.0,781.0,781.0
1758499350,20,781,128.2,2,230.39522107616912,4.0,258.25,772.9999999999999,781.0,781.0,781.0
1758499380,20,781,128.2,2,230.39522107616912,4.0,258.25,772.9999999999999,781.0,781.0,781.0
1758499410,20,781,128.2,2,230.39522107616912,4.0,258.25,772.9999999999999,781.0,781.0,781.0
1758499440,20,781,128.2,2,230.39522107616912,4.0,258.25,772.9999999999999,781.0,781.0,781.0
1758499470,23,781,111.78260869565217,1,218.45406351361984,4.0,97.0,748.9999999999995,781.0,781.0,781.0
1758499500,28,781,92.17857142857143,1,201.78739335350488,3.0,21.75,708.9999999999995,781.0,781.0,781.0
1758499530,36,781,72.16666666666667,1,181.2539654738621,3.0,4.0,644.9999999999998,781.0,781.0,781.0
1758499560,39,781,66.92307692307692,1,174.92560593388276,3.0,4.0,621.0,781.0,781.0,781.0
1758499590,39,781,66.92307692307692,1,174.92560593388276,3.0,4.0,621.0,781.0,781.0,781.0
1758499620,39,781,66.92307692307692,1,174.92560593388276,3.0,4.0,621.0,781.0,781.0,781.0
1758499650,42,781,62.333333333333336,1,169.23524782293745,3.0,4.0,580.2000000000004,781.0,781.0,781.0
1758499680,42,781,62.333333333333336,1,169.23524782293745,3.0,4.0,580.2000000000004,781.0,781.0,781.0
1758499710,42,781,62.333333333333336,1,169.23524782293745,3.0,4.0,580.2000000000004,781.0,781.0,781.0
1758499740,42,781,62.333333333333336,1,169.23524782293745,3.0,4.0,580.2000000000004,781.0,781.0,781.0
1758499770,42,781,62.333333333333336,1,169.23524782293745,3.0,4.0,580.2000000000004,781.0,781.0,781.0
1758499800,47,781,55.91489361702128,1,160.87597569546142,3.0,4.0,512.1999999999985,781.0,781.0,781.0
1758499830,47,781,55.91489361702128,1,160.87597569546142,3.0,4.0,512.1999999999985,781.0,781.0,781.0
1758499860,47,781,55.91489361702128,1,160.87597569546142,3.0,4.0,512.1999999999985,781.0,781.0,781.0
1758499890,47,781,55.91489361702128,1,160.87597569546142,3.0,4.0,512.1999999999985,781.0,781.0,781.0
1758499980,0,0,0.0,0,0.0,0.0,0.0,0.0,0.0,0.0,0.0
1758500010,8,820,391.375,7,278.85630580231515,431.0,591.5,820.0,820.0,820.0,820.0
1758500040,8,820,391.375,7,278.85630580231515,431.0,591.5,820.0,820.0,820.0,820.0
1758500070,9,820,348.55555555555554,6,290.7615479697716,372.0,579.0,820.0,820.0,820.0,820.0
1758500100,14,820,225.28571428571428,2,285.4509060770692,45.5,506.0,820.0,820.0,820.0,820.0
1758500130,14,820,225.28571428571428,2,285.4509060770692,45.5,506.0,820.0,820.0,820.0,820.0
1758500160,39,824,171.35897435897436,2,275.40845142208303,6.0,372.0,820.0,824.0,824.0,824.0
1758500190,42,824,159.26190476190476,1,268.79115653315256,5.0,243.0,814.9000000000001,824.0,824.0,824.0
1758500220,72,824,108.83333333333333,1,215.23462468193128,18.5,55.25,761.2999999999997,822.16,824.0,824.0
1758500250,75,824,104.54666666666667,1,211.8840384874844,8.0,53.0,755.6000000000001,821.9200000000001,824.0,824.0
1758500280,78,824,100.57692307692308,1,208.67389081361546,6.5,48.5,749.8999999999999,821.6800000000001,824.0,824.0
1758500310,81,824,96.92592592592592,1,205.57910750960187,6.0,46.5,733.5999999999988,821.44,824.0,824.0
1758500340,84,824,93.55952380952381,1,202.59535022379123,5.5,45.75,712.0,821.2,824.0,824.0
1758500370,87,824,90.39080459770115,1,199.74357726507108,5.0,45.0,690.3999999999992,820.96,824.0,824.0
1758500400,90,824,87.97777777777777,1,196.82644940662186,5.0,45.25,668.8000000000004,820.72,824.0,824.0
1758500430,93,824,85.40860215053763,1,194.11377415449692,5.0,45.0,647.1999999999996,820.48,824.0,824.0
1758500460,96,824,82.80208333333333,1,191.5804967434215,4.0,45.0,625.5999999999988,820.24,824.0,824.0
1758500490,99,824,80.34343434343434,1,189.14265006549746,4.0,45.0,604.0,820.0,824.0,824.0
1758500520,102,824,78.03921568627452,1,186.78673822200653,3.5,45.0,596.4999999999998,817.9599999999999,823.88,824.0
1758500550,105,824,75.85714285714286,1,184.51643811342643,3.0,44.5,588.9999999999994,815.9199999999998,823.76,824.0
1758500580,108,824,73.79629629629629,1,182.3233114351986,3.0,44.0,581.4999999999999,813.8799999999998,823.64,824.0
1758500610,111,824,71.82882882882883,1,180.21047663389575,3.0,44.0,573.9999999999995,811.8399999999997,823.52,824.0
1758500640,123,824,65.14634146341463,1,172.3322982832509,3.0,29.0,541.1999999999998,803.6799999999998,823.04,824.0
1758500670,135,824,59.48888888888889,1,165.43704518758187,3.0,25.0,502.7999999999993,795.52,822.56,824.0
1758500700,339,824,24.51622418879056,0,108.00587126226606,1.0,2.0,67.0,502.7999999999993,770.8000000000009,824.0
1758500730,528,824,16.064393939393938,0,87.24496919654665,1.0,2.0,44.549999999999955,309.3599999999956,589.5000000000018,824.0
1758500760,532,824,16.075187969924812,0,86.95414069905102,1.0,2.0,45.0,300.72000000000344,587.499999999998,824.0
1758500790,538,824,16.105947955390334,0,86.57016143546173,1.0,2.0,45.0,287.76000000000295,584.5000000000007,824.0
1758500820,544,824,16.113970588235293,0,86.15210898063545,1.0,2.0,45.0,274.80000000000246,581.4999999999977,824.0
1758500850,729,824,12.588477366255145,0,74.6580900940888,1.0,2.0,26.0,102.5999999999998,481.9000000000012,824.0
1758500880,891,824,10.815937149270482,0,67.65101968797673,1.0,2.0,25.0,73.91999999999962,413.3200000000022,824.0
1758500910,898,824,10.840757238307349,0,67.43762325599967,1.0,2.0,25.0,84.03999999999996,409.5399999999995,824.0
1758500940,908,824,10.736784140969164,0,67.07219440912327,1.0,2.0,25.0,81.83999999999924,405.6699999999988,824.0
1758500970,912,824,10.75328947368421,0,66.94499839602078,1.0,2.0,25.0,80.88000000000011,404.19000000000017,824.0
1758501000,915,824,10.724590163934426,0,66.83691733906304,1.0,2.0,25.0,80.1599999999994,403.0800000000012,824.0
1758501030,918,824,10.69281045751634,0,66.72980865954428,1.0,2.0,25.0,79.44000000000005,401.969999999998,824.0
1758501060,921,824,10.659066232356135,0,66.62354449667957,1.0,2.0,25.0,78.71999999999935,400.859999999999,824.0
1758501090,924,824,10.624458874458874,0,66.51795094294742,1.0,2.0,25.0,78.0,399.75,824.0
1758501120,924,824,10.624458874458874,0,66.51795094294742,1.0,2.0,25.0,78.0,399.75,824.0
1758501150,924,824,10.624458874458874,0,66.51795094294742,1.0,2.0,25.0,78.0,399.75,824.0
1758501180,924,824,10.624458874458874,0,66.51795094294742,1.0,2.0,25.0,78.0,399.75,824.0
1758501211,924,824,10.624458874458874,0,66.51795094294742,1.0,2.0,25.0,78.0,399.75,824.0
1758501241,924,824,10.624458874458874,0,66.51795094294742,1.0,2.0,25.0,78.0,399.75,824.0
1758501271,927,824,10.592233009708737,0,66.41252926429185,1.0,2.0,25.0,77.27999999999929,398.640000000001,824.0
1758501301,927,824,10.592233009708737,0,66.41252926429185,1.0,2.0,25.0,77.27999999999929,398.640000000001,824.0
1758501331,927,824,10.592233009708737,0,66.41252926429185,1.0,2.0,25.0,77.27999999999929,398.640000000001,824.0
1758501361,927,824,10.592233009708737,0,66.41252926429185,1.0,2.0,25.0,77.27999999999929,398.640000000001,824.0
1758501391,927,824,10.592233009708737,0,66.41252926429185,1.0,2.0,25.0,77.27999999999929,398.640000000001,824.0
1758501421,927,824,10.592233009708737,0,66.41252926429185,1.0,2.0,25.0,77.27999999999929,398.640000000001,824.0
1758501451,927,824,10.592233009708737,0,66.41252926429185,1.0,2.0,25.0,77.27999999999929,398.640000000001,824.0
1758501481,927,824,10.592233009708737,0,66.41252926429185,1.0,2.0,25.0,77.27999999999929,398.640000000001,824.0
1758501511,927,824,10.592233009708737,0,66.41252926429185,1.0,2.0,25.0,77.27999999999929,398.640000000001,824.0
1758501541,927,824,10.592233009708737,0,66.41252926429185,1.0,2.0,25.0,77.27999999999929,398.640000000001,824.0
1758501571,927,824,10.592233009708737,0,66.41252926429185,1.0,2.0,25.0,77.27999999999929,398.640000000001,824.0
1758501601,927,824,10.592233009708737,0,66.41252926429185,1.0,2.0,25.0,77.27999999999929,398.640000000001,824.0
1758501631,927,824,10.592233009708737,0,66.41252926429185,1.0,2.0,25.0,77.27999999999929,398.640000000001,824.0
1758501661,930,824,10.559139784946236,0,66.30777024892406,1.0,2.0,25.0,76.55999999999995,397.5299999999978,824.0
1758501691,934,824,10.525695931477516,0,66.1678731855974,1.0,2.0,25.0,75.59999999999945,396.04999999999916,824.0
1758501721,938,824,10.48720682302772,0,66.02924828525762,1.0,2.0,25.0,74.64000000000033,394.5700000000005,824.0
1758501751,941,824,10.459086078639745,0,65.92568087428697,1.0,2.0,24.899999999999977,73.91999999999962,393.4600000000015,824.0
1758501781,946,824,10.420718816067653,0,65.7535607011482,1.0,2.0,24.649999999999977,72.71999999999935,391.609999999999,824.0
1758501811,950,824,10.426315789473684,0,65.62535637601275,1.0,2.0,25.0,71.94000000000005,390.13000000000034,824.0
1758501841,954,824,10.414046121593291,0,65.49182283394849,1.0,2.0,25.0,71.69999999999993,388.6500000000017,824.0
1758501871,958,824,10.40187891440501,0,65.35956553813133,1.0,2.0,25.0,71.45999999999981,387.1699999999988,824.0
1758501901,961,824,10.372528616024974,0,65.25947117369458,1.0,2.0,25.0,71.27999999999997,386.05999999999983,824.0
1758501931,964,824,10.343360995850622,0,65.15983501498476,1.0,2.0,25.0,71.0999999999998,384.95000000000084,824.0
1758501961,967,824,10.313340227507757,0,65.06080972936667,1.0,2.0,25.0,70.91999999999996,383.83999999999764,824.0
1758501991,970,824,10.282474226804124,0,64.96238970690058,1.0,2.0,25.0,70.73999999999978,382.72999999999865,824.0
1758502021,973,824,10.251798561151078,0,64.86441469382538,1.0,2.0,25.0,70.55999999999995,381.61999999999966,824.0
1758502051,973,824,10.251798561151078,0,64.86441469382538,1.0,2.0,25.0,70.55999999999995,381.61999999999966,824.0
1758502081,973,824,10.251798561151078,0,64.86441469382538,1.0,2.0,25.0,70.55999999999995,381.61999999999966,824.0
1758502111,973,824,10.251798561151078,0,64.86441469382538,1.0,2.0,25.0,70.55999999999995,381.61999999999966,824.0
1758502141,973,824,10.251798561151078,0,64.86441469382538,1.0,2.0,25.0,70.55999999999995,381.61999999999966,824.0
1758502171,973,824,10.251798561151078,0,64.86441469382538,1.0,2.0,25.0,70.55999999999995,381.61999999999966,824.0
1758502201,973,824,10.251798561151078,0,64.86441469382538,1.0,2.0,25.0,70.55999999999995,381.61999999999966,824.0
1758502231,973,824,10.251798561151078,0,64.86441469382538,1.0,2.0,25.0,70.55999999999995,381.61999999999966,824.0
1758502261,976,824,10.223360655737705,0,64.76657342493294,1.0,2.0,25.0,70.38000000000011,380.5100000000007,824.0
1758502291,976,824,10.223360655737705,0,64.76657342493294,1.0,2.0,25.0,70.38000000000011,380.5100000000007,824.0
1758502321,976,824,10.223360655737705,0,64.76657342493294,1.0,2.0,25.0,70.38000000000011,380.5100000000007,824.0
1758502351,976,824,10.223360655737705,0,64.76657342493294,1.0,2.0,25.0,70.38000000000011,380.5100000000007,824.0
1758502381,976,824,10.223360655737705,0,64.76657342493294,1.0,2.0,25.0,70.38000000000011,380.5100000000007,824.0
1758502411,976,824,10.223360655737705,0,64.76657342493294,1.0,2.0,25.0,70.38000000000011,380.5100000000007,824.0
1758502441,976,824,10.223360655737705,0,64.76657342493294,1.0,2.0,25.0,70.38000000000011,380.5100000000007,824.0
1758502471,976,824,10.223360655737705,0,64.76657342493294,1.0,2.0,25.0,70.38000000000011,380.5100000000007,824.0
1758502501,976,824,10.223360655737705,0,64.76657342493294,1.0,2.0,25.0,70.38000000000011,380.5100000000007,824.0
1758502531,979,824,10.195097037793667,0,64.66917333650062,1.0,2.0,25.0,70.19999999999993,379.4000000000017,824.0
1758502561,995,824,10.785929648241206,0,64.60286825315328,1.0,2.0,29.199999999999932,84.15999999999985,373.47999999999865,824.0
1758502591,998,824,10.755511022044088,0,64.50798543781315,1.0,2.0,29.049999999999955,84.03999999999996,372.36999999999966,824.0
1758502621,1003,824,10.746759720837488,0,64.35069272091613,1.0,2.0,28.799999999999955,83.03999999999951,367.68000000000393,823.9839999999999
1758502651,1006,824,10.71868787276342,0,64.25663245607427,1.0,2.0,28.649999999999977,82.32000000000016,364.4399999999946,823.9720000000002
